,BPS_School_Name,BPS_Address,BRA_Neighborhood,SMMA_latitude,SMMA_longitude,SMMA_Typology,BPS_Grades_Offered,BPS_GSF,SMMA_Site_Acres,BPS_Year_Founded,BPS_Year_Built,BPS_Principal,BPS_Open,BPS_Close,DOE_PK,DOE_K,GSF/StudentValue,BPS_KWH,BPS_Electric_Bill,BPS_Therms,BPS_Gas_Bill,BPS_Water_Bill,BPS_Total_Energy_Cost,SMMA_FA_Overall_Building_Condition,SMMA_FA_Parking_Quality,SMMA_FA_Neighborhood_Streets,SMMA_FA_Overall_Site_Condition,SMMA_FA_Mass_Transit,SMMA_FA_Bikable,SMMA_FA_Walkable,SMMA_FA_Overall_Community_Site,SMMA_EA_Building_Ventilation,SMMA_EA_Building_Natural_Daylighting,SMMA_EA_Building_Air_Quality,SMMA_EA_site_includes_Playgrounds,SMMA_EA_site_includes_PlayFields
0,"Adams, Samuel Elementary","165 Webster St East Boston, MA 02128",East Boston,42.365553000000006,-71.03491740000001,Elementary School,K0-5,41336.0,0.933884298,1910,1910.0,Hannah Irvin,7:30:00 AM,1:30:00 PM,43.0,49.0,180.0,381000.0,58339.0,14650.0,13401.0,0.0,71740.0,Poor,Moderate,Adequate,Fair,Yes,Yes,Yes,Fair,Deficient,Fair,Deficient,Yes,No
1,"Alighieri, Dante Montessori School","37 Gove Street East Boston, MA 02128",East Boston,42.3715652,-71.03760799999999,Elementary School,K0-5,16948.0,0.505945822,1924,1924.0,Mayra Cuevas,7:30:00 AM,1:30:00 PM,29.0,15.0,180.0,9977.0,2072.0,8230.0,9957.0,1685.0,13714.0,Good,Moderate,Minor,Fair,Yes,Yes,Yes,Fair,Deficient,Fair,Fair,Yes,No
2,Another Course to College*,"20 Warren Street Brighton, MA 02135",Allston,42.350353600000005,-71.1455821,High School,9-12,28021.0,1.9074380169999998,1939,1895.0,Lisa Gilbert-Smith,7:30:00 AM,2:30:00 PM,0.0,0.0,225.0,343410.0,49657.0,51459.0,57978.0,20763.0,128398.0,Good,Adequate,Adequate,Good,Yes,Yes,Yes,Good,Poor,Good,Fair,No,No
3,Baldwin Early Learning Pilot Academy,"121 Corey Rd Brighton, MA 02135",Brighton,42.342036900000004,-71.1405292,Early Learning,K0-1,27879.0,0.688475666,1926,1926.0,Tavia Mead,7:30:00 AM,4:35:00 PM,68.0,41.0,200.0,70212.0,9588.0,9806.0,11657.0,5227.0,26472.0,Good,Minor,Adequate,Good,Yes,Yes,Yes,Good,Poor,Fair,Poor,Yes,No
4,"Bates, Phineas Elementary","426 Beech St Roslindale, MA 02131",Roslindale,42.277663000000004,-71.13535309999999,Elementary School,K1-5,27936.0,1.539876033,1929,1929.0,Kelly Hung,9:30:00 AM,3:30:00 PM,20.0,36.0,180.0,91800.0,13367.0,14530.0,16909.0,5262.0,35538.0,Fair,Replace,Minor,Fair,Yes,Yes,Yes,Fair,Poor,Good,Poor,Yes,No
5,"Beethoven, Ludwig Van Elementary","5125 Washington St West Roxbury, MA 02132",West Roxbury,42.26352,-71.155824,Elementary School,K1-3,37452.0,2.3567493109999997,1925,1925.0,Edward Puliafico,8:30:00 AM,2:30:00 PM,42.0,80.0,175.0,122680.0,19632.0,17669.0,20307.0,10491.0,50430.0,Excellent,Adequate,Minor,Fair,No,No,Yes,Fair,Poor,Good,Poor,No,No
6,"Blackstone, William Elementary","380 Shawmut Ave Boston, MA 02118",South End,42.341012299999996,-71.0720558,Elementary School,K0-5,167781.0,3.311639118,1975,1975.0,Danielle Morrissey,8:30:00 AM,3:00:00 PM,76.0,77.0,146.0,1048920.0,226804.0,115380.0,124712.0,27794.0,379310.0,Good,Replace,Minor,Fair,Yes,Yes,Yes,Fair,Good,Good,Good,Yes,No
7,Boston Adult Technical Academy,"20 Church Street Boston, MA 02116",Bay Village,42.3488158,-71.0682117,Special,11-12,17640.0,0.12231405,2005,1899.0,Sheila Azores,8:50:00 AM,3:30:00 PM,0.0,0.0,225.0,91160.0,20821.0,3845.0,5269.0,3148.0,29238.0,Good,Not Present,Adequate,Fair,Yes,Yes,Yes,Fair,Good,Good,Good,No,No
8,Boston Arts Academy,"174 Ipswich St Boston, MA 02215",Fenway,42.3461819,-71.09497409999999,High School,9-12,79541.0,0.5675619829999999,1998,1899.0,Anne Clark,8:50:00 AM,3:55:00 PM,0.0,0.0,225.0,782820.0,112162.0,54291.0,66101.0,10245.0,188508.0,Good,Not Present,Moderate,Poor,Yes,Yes,No,Poor,Fair,Fair,Fair,No,No
9,Boston Community Leadership Academy*,"655 Metropolitan Av Hyde Park, MA 02136",Hyde Park,42.262789,-71.11792,High School,9-12,127373.0,3.660215794,2005,1929.0,Brett Dickens,7:45:00 AM,2:30:00 PM,0.0,0.0,225.0,1016346.0,152573.0,87336.0,64059.0,16435.0,233067.0,Good,Minor,Minor,Fair,No,Yes,Yes,Fair,Fair,Good,Fair,No,No
12,Boston International Newcomers Academy,"100 Maxwell St Dorchester, MA 02124",Dorchester,42.281211,-71.08086290000001,High School,9-12,103272.0,1.791069789,"2003, 2009",1922.0,Nicole Bahnam,8:00:00 AM,2:30:00 PM,0.0,0.0,225.0,250144.0,35951.0,26121.0,36426.0,5374.0,77751.0,Fair,Moderate,Minor,Poor,Yes,Yes,Yes,Poor,Poor,Fair,Poor,No,No
13,Boston Latin Academy,"205 Townsend St Dorchester, MA 02121",Roxbury,42.316207,-71.0845329,High School,7-12,224188.0,4.861065197,1926,1926.0,Emilia Pastor,7:20:00 AM,1:40:00 PM,0.0,0.0,161.0,1080876.0,149373.0,87133.0,112539.0,46563.0,308475.0,Good,Moderate,Minor,Fair,Yes,Yes,Yes,Fair,Deficient,Good,Deficient,No,No
14,Boston Latin School,"78 Louis Pasteur Avenue Boston, MA 02115",Longwood Medical Area,42.337962299999994,-71.10132270000001,High School,7-12,336378.0,5.982070707,1922,1922.0,Lynne Mooney Teta,7:45:00 AM,2:15:00 PM,0.0,0.0,156.0,1518864.0,224542.0,144261.0,181411.0,38283.0,444236.0,Good,Adequate,Adequate,Good,Yes,No,No,Good,Poor,Good,Poor,No,Yes
15,Boston Teachers Union K-8 School,"25 Walk Hill St Jamaica Plain, MA 02130",Jamaica Plain,42.294662,-71.116,K-8,K0-8,39586.0,0.9233011940000001,1899,1889.0,Lindsay Chaves,8:30:00 AM,3:00:00 PM,22.0,25.0,247.0,145560.0,24218.0,27613.0,31297.0,6202.0,61717.0,Good,Not Present,Minor,Fair,Yes,Yes,Yes,Fair,Deficient,Fair,Deficient,Yes,No
16,"Bradley, Manassah E. Elementary","110 Beachview Rd East Boston, MA 02128",East Boston,42.3916287,-71.0050532,Elementary School,K0-5,33128.0,1.590472911,1958,1958.0,Linda Manzo,9:30:00 AM,3:30:00 PM,44.0,35.0,180.0,120880.0,17820.0,11698.0,13768.0,4889.0,36477.0,Fair,Not Present,Minor,Fair,Yes,No,Yes,Fair,Poor,Poor,Poor,Yes,No
17,Brighton High,"25 Warren St Brighton, MA 02135",Brighton,42.34901,-71.1454665,High School,9-12,216213.0,6.6585858589999996,1930,1930.0,Patrick Tutwiler,7:30:00 AM,1:55:00 PM,0.0,0.0,200.0,681868.0,103151.0,54654.0,70999.0,29457.0,203607.0,Fair,Minor,Minor,Fair,Yes,Yes,Yes,Fair,Poor,Poor,Poor,No,No
18,"Burke, Jeremiah E. High*","60 Washington St Dorchester, MA 02121",Dorchester,42.3071524,-71.081162,High School,9-12,123099.72,0.850528007,1934,1934.0,Lindsa McIntyre,7:25:00 AM,2:20:00 PM,0.0,0.0,225.0,1322520.0,228356.0,95716.0,84952.0,12954.0,326262.0,Fair,Adequate,Minor,Good,Yes,Yes,Yes,Good,Poor,Fair,Poor,No,No
19,Carter Development Center,"396 Northampton St Boston, MA 02118",Roxbury,42.3404636,-71.0830734,Special,6-12,13583.0,1.65617539,1971,1971.0,Marianne Kopaczynski,9:30:00 AM,3:30:00 PM,0.0,0.0,225.0,325320.0,56532.0,0.0,0.0,4360.0,60892.0,Good,Adequate,Adequate,Good,Yes,Yes,Yes,Good,Good,Good,Good,No,Yes
20,"Channing, William E. Elementary","35 Sunnyside St Hyde Park, MA 02136",Hyde Park,42.251551,-71.133338,Elementary School,K1-5,32582.0,1.1464646459999999,1928,1928.0,Carline Pignato,8:30:00 AM,3:00:00 PM,28.0,43.0,180.0,87152.0,13285.0,14269.0,10694.0,4885.0,28864.0,Fair,Replace,Moderate,Poor,No,Yes,Yes,Poor,Poor,Fair,Poor,Yes,No
21,Charlestown High,"240 Medford St Charlestown, MA 02129",Charlestown,42.380076,-71.061094,High School,9-12,226822.0,1.353856749,1978,1978.0,William Thomas,7:30:00 AM,1:50:00 PM,0.0,0.0,198.0,1199240.0,221161.0,130015.0,167987.0,26431.0,415579.0,Good,Minor,Minor,Good,Yes,Yes,Yes,Good,Fair,Good,Fair,No,Yes
22,"Chittick, James J. Elementary","154 Ruskindale Rd Mattapan, MA 02126",Hyde Park,42.26739,-71.104443,Elementary School,K1-5,48697.0,1.570821855,1931,1931.0,Michelle Burnett-Herndon,8:30:00 AM,2:30:00 PM,46.0,47.0,179.0,120072.0,17670.0,16973.0,12811.0,5945.0,36426.0,Fair,Not Present,Moderate,Poor,No,Yes,Yes,Poor,Deficient,Good,Deficient,Yes,No
25,Community Academy of Science & Health*,"11 Charles St Dorchester, MA 02122",Dorchester,42.3009137,-71.0619253,High School,9-12,85935.0,2.705394858,2005,1928.0,Tanya Freeman-Wisdom,8:00:00 AM,2:25:00 PM,0.0,0.0,225.0,443480.0,86517.0,47502.0,59149.0,11207.0,156873.0,Fair,Moderate,Minor,Fair,Yes,Yes,Yes,Fair,Poor,Fair,Fair,No,No
26,"Condon, James F. Elementary","200 D St South Boston, MA 02127",South Boston,42.3381626,-71.0525141,Elementary School,K0-6,140426.0,3.61365932,1975,1975.0,Robby Chisholm,8:30:00 AM,2:30:00 PM,55.0,83.0,145.0,783380.0,183575.0,133690.0,148439.0,32480.0,364494.0,Good,Minor,Minor,Good,Yes,Yes,Yes,Good,Fair,Good,Poor,Yes,Yes
27,"Conley, George H. Elementary","450 Poplar St Roslindale, MA 02131",Roslindale,42.2746039,-71.12731590000001,Elementary School,K0-5,25281.0,1.820592287,1931,1931.0,Joseph Foley,8:30:00 AM,2:30:00 PM,22.0,41.0,180.0,87524.0,9843.0,14007.0,16293.0,5586.0,31722.0,Fair,Moderate,Adequate,Fair,No,Yes,Yes,Fair,Poor,Fair,Poor,Yes,No
28,Curley K-8 (Lower School),"40 Pershing Rd Jamaica Plain, MA 02130",Jamaica Plain,42.319074900000004,-71.1140772,K-8,K1-5,34445.0,4.038475666,2007,1970.0,Katherine Grassa,8:30:00 AM,2:30:00 PM,87.0,87.0,226.0,203904.0,36879.0,13298.0,16031.0,6013.0,58923.0,Good,Replace,Minor,Fair,Yes,Yes,Yes,Fair,Fair,Good,Fair,Yes,Yes
31,"Dever, Paul A. Elementary","325 Mt Vernon St Dorchester, MA 02125",Dorchester,42.3175807,-71.0427667,Elementary School,K1-5,75892.0,6.476354454,1957,1957.0,75892,75892,75892,38.0,66.0,158.0,493520.0,76625.0,86865.0,109138.0,19400.0,205163.0,Poor,Replace,Minor,Fair,Yes,No,No,Fair,Poor,Fair,Poor,Yes,No
33,Dorchester Academy*,"11 Charles St. Dorchester, MA 02122",Dorchester,42.3009137,-71.0619253,High School,9-12,85935.0,2.705394858,1919,1928.0,Kwesi Moody,7:30:00 AM,1:55:00 PM,0.0,0.0,225.0,350496.0,87775.0,55181.0,61154.0,6407.0,155336.0,Good,Moderate,Minor,Fair,Yes,Yes,Yes,Fair,Good,Fair,Good,No,No
36,East Boston High,"86 White St East Boston, MA 02128",East Boston,42.380942100000006,-71.035078,High School,9-12,242505.0,5.070592287,1924,1924.0,Phillip R Brangiforte,7:30:00 AM,1:50:00 PM,0.0,0.0,166.0,632401.0,97928.0,88910.0,122202.0,18655.0,238785.0,Good,Minor,Moderate,Good,Yes,Yes,Yes,Good,Poor,Good,Poor,No,No
37,"Edison, Thomas A. K-8","60 Glenmont Rd Brighton, MA 02135",Brighton,42.3455224,-71.1601606,K-8,K0-8,100500.0,3.332254362,1932,1932.0,Mary Driscoll,8:30:00 AM,2:30:00 PM,31.0,54.0,171.0,267936.0,43091.0,53055.0,60369.0,16164.0,119624.0,Good,Minor,Moderate,Fair,Yes,Yes,Yes,Fair,Poor,Fair,Poor,Yes,Yes
38,"Edwards, Clarence R. Middle","28 Walker St Charlestown, MA 02129",Charlestown,42.378634000000005,-71.067379,Middle School,6-8,81655.0,0.45576216700000005,1932,1932.0,Robert M Rametti,7:20:00 AM,4:15:00 PM,0.0,0.0,190.0,251056.0,40424.0,27949.0,39855.0,10801.0,91080.0,Good,Replace,Moderate,Poor,Yes,Yes,Yes,Poor,Poor,Fair,Poor,No,No
39,"Eliot, John K-8 (Lower School)","16 Charter St Boston, MA 02113",North End,42.366090299999996,-71.053403,K-8,K0-1,34603.0,0.40775941200000004,1932,1932.0,Traci Walker Griffith,8:30:00 AM,3:15:00 PM,33.0,75.0,180.0,117120.0,16893.0,13001.0,20511.0,7290.0,44694.0,Fair,Replace,Minor,Fair,Yes,Yes,Yes,Fair,Poor,Good,Poor,Yes,No
42,"Ellis, David A. Elementary","302 Walnut Ave Roxbury, MA 02119",Roxbury,42.3169018,-71.09228879999999,Elementary School,K1-5,51123.0,2.650895317,1932,1932.0,Cynthia Jacobs-Tolbert,9:30:00 AM,3:30:00 PM,47.0,84.0,164.0,124120.0,20022.0,19893.0,30013.0,8607.0,58642.0,Fair,Replace,Adequate,Fair,No,Yes,Yes,Fair,Poor,Good,Poor,Yes,Yes
43,Ellison/Parks Early Education School,"108 Babson St Mattapan, MA 02126",Mattapan,42.2717653,-71.0916852,Early Learning,K0-3,36820.0,1.902203857,1998,1998.0,Natalie Ake,7:30:00 AM,4:35:00 PM,45.0,39.0,200.0,286716.0,50820.0,15747.0,18191.0,7571.0,76582.0,Excellent,Adequate,Adequate,Good,Yes,Yes,Yes,Good,Excellent,Good,Excellent,Yes,No
45,"English High, The","144 McBride St Jamaica Plain, MA 02130",Jamaica Plain,42.3065838,-71.1092285,High School,9-12,225560.0,4.99432966,1821,1979.0,Ligia Noriega-Murphy,7:20:00 AM,2:20:00 PM,0.0,0.0,225.0,621720.0,158590.0,199318.0,197335.0,30182.0,386107.0,Good,Minor,Adequate,Good,Yes,Yes,Yes,Good,Fair,Good,Fair,No,Yes
46,"Everett, Edwards Elementary","71 Pleasant St Dorchester, MA 02125",Dorchester,42.3136206,-71.0597932,Elementary School,K0-5,30634.0,1.5412763999999999,1908,1909.0,Laura Miceli,9:30:00 AM,3:30:00 PM,16.0,40.0,180.0,101876.0,15870.0,13758.0,16350.0,3444.0,35664.0,Fair,Minor,Adequate,Good,Yes,Yes,Yes,Good,Poor,Fair,Poor,Yes,Yes
47,Excel High,"95 G St South Boston, MA 02127",South Boston,42.3329047,-71.0448291,High School,9-12,160269.0,2.8597566569999997,2001,1901.0,Stephanie Sibley,7:25:00 AM,1:45:00 PM,0.0,0.0,225.0,539552.0,74392.0,89310.0,109794.0,29844.0,214030.0,Fair,Adequate,Moderate,Fair,No,No,Yes,Fair,Poor,Good,Poor,No,No
48,Fenway High,"67 Alleghany Street Boston, MA 02120",Mission Hill,42.3306688,-71.09930109999999,High School,9-12,66000.0,1.5955463730000001,1997,1925.0,Peggy Kemp,8:30:00 AM,3:35:00 PM,0.0,0.0,225.0,272976.0,41393.0,34253.0,38544.0,6184.0,86121.0,Excellent,Adequate,Minor,Good,Yes,Yes,Yes,Good,Fair,Excellent,Fair,Yes,No
49,"Frederick, Lilla G. Middle","270 Columbia Rd Dorchester, MA 02121",Dorchester,42.309174600000006,-71.0755999,Middle School,6-8,144008.0,2.553076217,2003,2002.0,James Brewer,9:30:00 AM,3:40:00 PM,0.0,0.0,184.0,1177520.0,239086.0,46741.0,52294.0,12972.0,304352.0,Excellent,Adequate,Minor,Excellent,No,Yes,Yes,Excellent,Excellent,Excellent,Excellent,No,Yes
50,Gardner Pilot Academy K-8,"30 Athol St Allston, MA 02134",Allston,42.360779,-71.133957,K-8,K1-8,59196.0,1.38677686,1906,1906.0,Erica Herman,8:30:00 AM,2:30:00 PM,13.0,32.0,230.0,158252.0,26168.0,21968.0,25072.0,5121.0,56361.0,Good,Adequate,Minor,Good,No,Yes,Yes,Good,Poor,Fair,Poor,Yes,No
54,"Grew, Henry Elementary","40 Gordon Ave Hyde Park, MA 02136",Hyde Park,42.2568107,-71.12723100000001,Elementary School,K1-5,32216.0,1.585146924,1956,1958.0,Maudlin Wright,8:30:00 AM,2:30:00 PM,19.0,39.0,180.0,102720.0,16769.0,11528.0,8779.0,5094.0,30642.0,Good,Minor,Minor,Good,No,Yes,Yes,Good,Fair,Good,Fair,Yes,No
55,"Guild, Curtis Elementary","5 Ashley Street/195 Leyden St East Boston, MA 02128",East Boston,42.388678000000006,-71.0042563,Elementary School,K1-5,32127.0,1.350895317,1921,1921.0,Karen L. McCarthy,8:30:00 AM,2:30:00 PM,25.0,38.0,177.0,124560.0,20081.0,12857.0,16084.0,8262.0,44427.0,Good,Minor,Minor,Good,Yes,Yes,Yes,Good,Fair,Good,Fair,Yes,No
56,"Hale, Nathan Elementary","51 Cedar St Roxbury, MA 02119",Roxbury,42.325175099999996,-71.0911723,Elementary School,K1-5,23084.0,1.051905418,1909,1909.0,Sandra Mitchell-Woods,8:30:00 AM,2:30:00 PM,16.0,21.0,180.0,114420.0,19610.0,9841.0,11742.0,3464.0,34816.0,Fair,Replace,Moderate,Poor,Yes,Yes,Yes,Poor,Poor,Fair,Fair,Yes,No
57,"Haley K - 8, Dennis","570 Amer Legion Hwy Roslindale, MA 02131",Roslindale,42.286377,-71.107826,K-8,K1-8,38993.0,2.652341598,1973,1971.0,Angel Charles,8:30:00 AM,2:30:00 PM,31.0,38.0,210.0,346248.0,56613.0,15748.0,18247.0,8303.0,83163.0,Good,Replace,Moderate,Good,No,Yes,Yes,Good,Good,Fair,Good,Yes,No
59,Harvard/Kent Elementary,"50 Bunker Hill St Charlestown, MA 02129",Charlestown,42.376938700000004,-71.0575946,Elementary School,K0-5,93350.0,2.705417815,1972,1971.0,Jason Gallagher,9:30:00 AM,3:30:00 PM,25.0,55.0,154.0,310860.0,77142.0,65279.0,73556.0,12886.0,163584.0,Fair,Minor,Minor,Good,Yes,Yes,Yes,Good,Good,Fair,Good,Yes,No
60,Haynes Early Education Center,"263 Blue Hill Ave Roxbury, MA 02119",Roxbury,42.3151445,-71.0789471,Early Learning,K0-1,35500.0,1.285720845,1998,1998.0,Donette Wilson-Wood,7:30:00 AM,4:35:00 PM,50.0,60.0,200.0,276700.0,62116.0,18772.0,21587.0,7619.0,91322.0,Excellent,Moderate,Minor,Good,No,Yes,Yes,Good,Good,Good,Good,Yes,No
61,"Henderson, Dr. William W. Inclusion (Lower School)","1669 Dorchester Ave Dorchester, MA 02122",Dorchester,42.2937925,-71.0620708,Elementary School,K0-4,30381.0,1.3622589530000002,2009,1972.0,"Co-Principal, Patricia Lampron",8:30:00 AM,12:00:00 AM,47.0,46.0,180.0,82360.0,13059.0,28093.0,32237.0,4594.0,49890.0,Fair,Not Present,Adequate,Fair,Yes,Yes,Yes,Fair,Poor,Fair,Poor,Yes,No
62,"Henderson, Dr. William W. Inclusion (Upper School)","18 Croftland Avenue Dorchester, MA 02124",Dorchester,42.28093870000001,-71.06974340000001,High School,5-12,97130.0,2.650183655,2009,1932.0,"Co-principal: Nadia Cyprien ( 5-8) 
Headmaster: Isabel Depina (9-11)",7:40:00 AM,3:05:00 PM,0.0,0.0,225.0,249096.0,40178.0,47648.0,60996.0,5751.0,106925.0,Fair,Adequate,Minor,Fair,Yes,Yes,Yes,Fair,Poor,Good,Poor,Yes,No
63,"Hennigan, James W. K-8*","200 Heath St Jamaica Plain, MA 02130",Jamaica Plain,42.326026,-71.106821,K-8,K2-7,110800.0,5.672222222,1972,1972.0,Maria Cordon,9:30:00 AM,3:30:00 PM,0.0,37.0,174.0,120384.0,74435.0,267450.0,276004.0,37653.0,388092.0,Good,Minor,Moderate,Good,Yes,Yes,Yes,Good,Fair,Fair,Fair,Yes,Yes
64,"Hernandez, Rafael K-8","61 School St Roxbury, MA 02119",Jamaica Plain,42.3139281,-71.0978418,K-8,K1-8,64313.0,1.592676768,1923,1923.0,Ana Tavares,8:30:00 AM,2:30:00 PM,46.0,45.0,235.0,134730.0,19389.0,34872.0,39700.0,9801.0,68890.0,Fair,Moderate,Minor,Fair,Yes,Yes,Yes,Fair,Poor,Good,Poor,Yes,No
66,Higginson/Lewis K-8,"131 Walnut Ave Roxbury, MA 02119",Roxbury,42.3205359,-71.0865804,K-8,K1-8,76220.0,1.6946510559999999,1911,1912.0,Joy Salesman-Oliver,9:30:00 AM,3:30:00 PM,2.0,2.0,204.0,151240.0,24093.0,26498.0,36674.0,13389.0,74156.0,Fair,Replace,Moderate,Fair,No,Yes,Yes,Fair,Deficient,Fair,Deficient,Yes,No
67,"Holmes, Oliver Wendell Elementary","40 School St Dorchester, MA 02124",Dorchester,42.2966781,-71.0749009,Elementary School,K1-5,60280.0,1.294398531,1906,1905.0,Yeshi Gaskin,9:30:00 AM,3:30:00 PM,32.0,59.0,173.0,158496.0,23226.0,19269.0,22583.0,12858.0,58667.0,Fair,Not Present,Minor,Fair,No,Yes,Yes,Fair,Poor,Fair,Poor,Yes,No
68,Horace Mann School for the Deaf and Hard of Hearing*,"40 Armington St Allston, MA 02134",Allston,42.3519992,-71.1377044,Special,K0-12,34220.0,1.806634527,1975,1975.0,Jeremiah Ford,7:20:00 AM,1:40:00 PM,10.0,4.0,225.0,744520.0,196134.0,257595.0,258136.0,29828.0,484098.0,Good,Moderate,Replace,Fair,Yes,Yes,Yes,Fair,Poor,Poor,Poor,Yes,No
69,"Hurley, Joseph K-8","70 Worcester St Boston, MA 02118",South End,42.338747600000005,-71.0777468,K-8,K0-8,41479.0,1.9191460059999998,1961,1961.0,Marjorie Soto,8:30:00 AM,2:30:00 PM,27.0,49.0,244.0,125360.0,21768.0,22480.0,25977.0,4414.0,52159.0,Good,Minor,Minor,Good,Yes,Yes,Yes,Good,Fair,Excellent,Fair,Yes,Yes
70,"Irving, Washington Middle","105 Cummins Hgwy Roslindale, MA 02131",Roslindale,42.2833946,-71.1253724,Middle School,5-8,110377.0,3.40567034,1936,1937.0,Arthur Unobskey,7:15:00 AM,4:15:00 PM,0.0,0.0,190.0,316596.0,43067.0,48815.0,59636.0,6365.0,109068.0,Good,Moderate,Minor,Fair,Yes,Yes,Yes,Fair,Poor,Fair,Poor,Yes,No
71,Jackson/Mann K-8*,"40 Armington St Allston, MA 02134",Allston,42.3519992,-71.1377044,K-8,K1-8,167604.0,1.806634527,1975,1975.0,Andy Tuite,9:30:00 AM,3:30:00 PM,50.0,89.0,180.0,744520.0,196134.0,257595.0,258136.0,29828.0,484098.0,Good,Moderate,Replace,Fair,Yes,Yes,Yes,Fair,Poor,Fair,Fair,Yes,No
74,"Kennedy, John F Elementary","7 Bolster St Jamaica Plain, MA 02130",Jamaica Plain,42.321944099999996,-71.10629240000002,Elementary School,K1-5,49194.0,1.5226584019999998,1963,1963.0,Waleska Landing-Rivera,8:30:00 AM,3:00:00 PM,21.0,59.0,170.0,117816.0,20248.0,28390.0,32656.0,13660.0,66564.0,Fair,Moderate,Minor,Fair,Yes,Yes,Yes,Fair,Poor,Good,Fair,Yes,No
75,"Kennedy, Patrick Elementary","343 Saratoga St East Boston, MA 02128",East Boston,42.3785345,-71.03048270000001,Elementary School,K0-5,27086.0,1.261524334,1926,1933.0,Walter Henderson,9:30:00 AM,3:30:00 PM,26.0,42.0,180.0,91904.0,14252.0,8762.0,10565.0,3858.0,28675.0,Fair,Replace,Moderate,Fair,Yes,Yes,Yes,Fair,Poor,Good,Poor,Yes,Yes
76,"Kenny, Thomas J. Elementary","19 Oakton Ave Dorchester, MA 02122",Dorchester,42.2864958,-71.05323299999999,Elementary School,K0-5,37578.0,1.607805326,1926,1926.0,Dr. Catarina da Silva,9:30:00 AM,3:30:00 PM,29.0,25.0,179.0,98967.0,15429.0,10270.0,12224.0,4349.0,32002.0,Fair,Minor,Minor,Good,Yes,Yes,Yes,Good,Poor,Excellent,Poor,Yes,Yes
79,"King, Martin Luther, Jr K-8","77 Lawrence Ave Dorchester, MA 02121",Dorchester,42.311054999999996,-71.076481,K-8,K0-8,113462.0,1.964233242,1937,1937.0,Khita Pottinger,8:30:00 AM,2:30:00 PM,61.0,54.0,215.0,284100.0,45002.0,46693.0,55473.0,9277.0,109752.0,Fair,Minor,Adequate,Good,No,Yes,Yes,Good,Poor,Good,Poor,Yes,Yes
80,Lee Academy at the Fifield,"25 Dunbar Av Dorchester, MA 02124",Dorchester,42.286794,-71.07270799999999,Early Learning,K0-1,31654.0,0.868916437,1971,1916.0,Amelia H Gorman,9:30:00 AM,3:30:00 PM,61.0,66.0,200.0,81805.0,13418.0,14792.0,17155.0,3861.0,34434.0,Fair,Minor,Moderate,Fair,Yes,Yes,Yes,Fair,Deficient,Good,Deficient,Yes,No
81,"Lee, Joseph K-8","155 Talbot Ave Dorchester, MA02124",Dorchester,42.2921266,-71.0802923,K-8,K0-8,146371.0,4.938567493,1971,1971.0,Kimberly Crowley,7:30:00 AM,1:30:00 PM,46.0,50.0,189.0,494502.0,128505.0,122164.0,131602.0,41041.0,301148.0,Good,Moderate,Adequate,Good,No,Yes,Yes,Good,Poor,Good,Poor,Yes,No
82,"Lyndon, Patrick K-8","20 Mt Vernon St West Roxbury, MA 02132",West Roxbury,42.282889399999995,-71.1586118,K-8,K1-8,93374.0,1.842607897,1919,1919.0,Kathleen Tunney,9:30:00 AM,3:30:00 PM,66.0,65.0,211.0,576307.0,141923.0,136956.0,148757.0,44902.0,335582.0,Good,Minor,Minor,Good,No,Yes,Yes,Good,Deficient,Fair,Deficient,Yes,No
83,"Lyon, Mary High","95 Beechcroft St Brighton, MA 02135",Brighton,42.352183000000004,-71.16077359999998,High School,9-12,47314.0,1.195247934,1935,1925.0,Jean-Dominique Herve Anoh,8:30:00 AM,3:30:00 PM,0.0,0.0,225.0,114480.0,16512.0,23058.0,26268.0,5794.0,48574.0,Good,Moderate,Moderate,Fair,Yes,Yes,Yes,Fair,Poor,Poor,Poor,Yes,No
84,"Lyon, Mary K-8","50 Beechcroft St Brighton, MA 02135",Brighton,42.351088399999995,-71.1614661,K-8,K2-8,13336.0,0.9182736459999999,1926,1926.0,Deborah Rooney,9:30:00 AM,3:30:00 PM,0.0,11.0,404.0,101040.0,19629.0,5578.0,7083.0,1833.0,28545.0,Good,Moderate,Moderate,Fair,Yes,Yes,Yes,Fair,Poor,Fair,Poor,Yes,No
86,"Manning, Joseph P. Elementary","130 Louders Lane Jamaica Plain, MA 02130",Jamaica Plain,42.305464,-71.13144799999999,Elementary School,K1-5,17391.0,1.733976125,1941,1941.0,Ethan d'Ablemont-Burnes,9:30:00 AM,3:30:00 PM,15.0,21.0,180.0,84624.0,13386.0,10052.0,11948.0,2639.0,27973.0,Fair,Replace,Minor,Fair,No,Yes,Yes,Fair,Fair,Excellent,Fair,Yes,No
87,"Mason, Samuel W. Elementary","150 Norfolk Ave Roxbury, MA 02119",Roxbury,42.326133299999995,-71.07131340000001,Elementary School,K0-5,27642.0,1.285720845,1905,1905.0,Lauretta Lewis-Medley,8:30:00 AM,2:30:00 PM,24.0,30.0,180.0,87640.0,13892.0,13551.0,15819.0,5401.0,35112.0,Fair,Minor,Minor,Poor,No,Yes,Yes,Poor,Deficient,Good,Deficient,Yes,No
88,Mather Elementary,"24 Parish St Dorchester, MA 02122",Dorchester,42.3079632,-71.0623593,Elementary School,K1-5,76974.0,2.694972452,1905,1905.0,Emily Cox,9:30:00 AM,3:30:00 PM,63.0,92.0,145.0,190940.0,30118.0,10725.0,12731.0,12906.0,55755.0,Fair,Adequate,Minor,Fair,Yes,Yes,Yes,Fair,Deficient,Good,Deficient,Yes,No
89,Mattahunt Elementary,"100 Hebron St Mattapan, MA 02126",Mattapan,42.2763126,-71.1033928,Elementary School,K0-5,135658.0,10.06999541,1972,1977.0,Genteen Lacet Jean-Michel,9:30:00 AM,4:00:00 PM,75.0,103.0,145.0,780200.0,147846.0,123371.0,108616.0,23580.0,280042.0,Excellent,Moderate,Moderate,Fair,No,No,No,Fair,Fair,Good,Fair,Yes,Yes
90,"McCormack, John W Middle","315 Mt Vernon St Dorchester, MA 02125",Dorchester,42.3180447,-71.04367509999999,Middle School,6-8,115941.0,6.476354454,1967,1967.0,Michael Sabin,7:15:00 AM,4:15:00 PM,0.0,0.0,181.0,493520.0,76625.0,86865.0,109138.0,19400.0,205163.0,Good,Moderate,Adequate,Good,Yes,No,No,Good,Poor,Good,Poor,Yes,Yes
91,"McKay, Donald K-8","122 Cottage St East Boston, MA 02128",East Boston,42.3693557,-71.03443299999999,K-8,K2-8,79082.0,3.852020202,1926,1926.0,Jordan Weymer,8:30:00 AM,2:30:00 PM,0.0,62.0,168.0,313364.0,45327.0,13619.0,23804.0,9315.0,78446.0,Fair,Replace,Minor,Fair,Yes,Yes,Yes,Fair,Poor,Poor,Poor,Yes,No
92,McKinley Middle,"50 St Mary St Boston, MA 02215",Fenway,42.347944299999995,-71.1067573,Special,6-8,17299.0,0.650045914,1923,1923.0,Joseph Brown,9:30:00 AM,3:40:00 PM,0.0,0.0,190.0,45640.0,6815.0,5685.0,7185.0,1325.0,15325.0,Fair,Replace,Adequate,Poor,Yes,Yes,Yes,Poor,Deficient,Good,Deficient,Yes,No
93,"McKinley, Wm So. End Academy","90 Warren Ave Boston, MA 02116",South End,42.34425170000001,-71.07348979999999,Special,K2-5,78258.0,0.650045914,1959,1959.0,Christine Stella,7:20:00 AM,1:40:00 PM,0.0,2.0,225.0,197000.0,34327.0,36486.0,41112.0,8661.0,84100.0,Good,Minor,Adequate,Good,Yes,Yes,Yes,Good,Poor,Fair,Poor,No,No
94,"McKinley, Wm. Preparatory High ","97 Peterborough St Boston, MA 02215",Fenway,42.3434546,-71.09908359999999,Special,9-12,19819.0,0.95835629,1929,1929.0,Joseph Brown,7:20:00 AM,1:40:00 PM,0.0,0.0,225.0,60120.0,9159.0,9749.0,11612.0,1799.0,22570.0,Fair,Replace,Minor,Poor,Yes,Yes,Yes,Poor,Deficient,Fair,Deficient,Yes,No
95,"Mendell, Ellis Elementary","164 School St Roxbury, MA 02119",Jamaica Plain,42.316592,-71.1016609,Elementary School,K1-5,31820.0,0.814761249,1903,1904.0,Julia Bott,9:30:00 AM,3:30:00 PM,23.0,38.0,180.0,107908.0,14798.0,14202.0,16530.0,11561.0,42889.0,Fair,Adequate,Moderate,Fair,Yes,No,Yes,Fair,Poor,Good,Poor,Yes,No
96,Mildred Avenue K-8,"5 Mildred Ave Mattapan, MA 02126",Mattapan,42.276843299999996,-71.09057469999999,K-8,K0-8,179611.0,5.457690542000001,2002,2002.0,Andrew Rollins,7:30:00 AM,2:00:00 PM,18.0,44.0,214.0,1739760.0,250672.0,68474.0,76238.0,37196.0,364106.0,Excellent,Adequate,Minor,Excellent,Yes,Yes,Yes,Excellent,Excellent,Excellent,Excellent,No,No
97,Mission Hill K-8*,"20 Child St Jamaica Plain, MA 02130",Jamaica Plain,42.307317600000005,-71.11448490000001,K-8,K0-8,57700.0,4.1715794310000005,1997,1972.0,Ayla Gavins,9:25:00 AM,3:25:00 PM,30.0,22.0,320.0,424360.0,92118.0,85825.0,95706.0,15138.0,202962.0,Good,Minor,Moderate,Good,Yes,Yes,Yes,Good,Good,Good,Good,Yes,Yes
98,"Mozart, Wolfgang A. Elementary","236 Beech St Roslindale, MA 02131",Roslindale,42.281203000000005,-71.141041,Elementary School,K1-5,16248.0,0.6871441690000001,1932,1932.0,Erin Borthwick,9:30:00 AM,3:30:00 PM,28.0,28.0,180.0,58372.0,8866.0,7847.0,9515.0,4296.0,22677.0,Fair,Replace,Adequate,Fair,No,Yes,Yes,Fair,Poor,Good,Poor,Yes,No
99,"Muniz, Margarita Academy*","20 Child Street Jamaica Plain, MA 02130",Jamaica Plain,42.307317600000005,-71.11448490000001,High School,9-12,57700.0,4.1715794310000005,2012,1972.0,Dania Vazquez,8:30:00 AM,3:30:00 PM,0.0,0.0,225.0,424360.0,92118.0,85825.0,95706.0,15138.0,202962.0,Excellent,Minor,Moderate,Good,Yes,Yes,Yes,Good,Good,Good,Good,Yes,Yes
100,"Murphy, Richard K-8","1 Worrell St South Boston, MA 02122",Dorchester,42.2943449,-71.0492968,K-8,K0-8,138880.0,2.941161616,1973,1973.0,Karen Cahill,8:30:00 AM,2:30:00 PM,34.0,63.0,165.0,690696.0,149280.0,106816.0,118450.0,30270.0,298000.0,Good,Moderate,Minor,Fair,Yes,Yes,Yes,Fair,Fair,Good,Poor,Yes,No
101,New Mission High*,"655 Metropolitan Av Hyde Park, MA 02136",Hyde Park,42.262789,-71.11792,High School,9-12,63687.0,3.660215794,2005,1929.0,Naia Wilson,7:45:00 AM,2:30:00 PM,0.0,0.0,225.0,1016346.0,152573.0,87336.0,64059.0,16435.0,233067.0,Good,Minor,Minor,Fair,No,Yes,Yes,Fair,Fair,Good,Fair,No,No
103,"O'Donnell, Hugh R. Elementary","33 Trenton St East Boston, MA 02128",East Boston,42.3782342,-71.038124,Elementary School,K1-5,24648.0,0.838016529,1931,1932.0,C. Sura O'Mard,9:30:00 AM,3:30:00 PM,22.0,41.0,180.0,88928.0,12770.0,6842.0,8488.0,5822.0,27080.0,Fair,Not Present,Minor,Fair,Yes,Yes,Yes,Fair,Poor,Good,Poor,Yes,No
104,"Ohrenberger, William H. K-8","175 W Boundary Rd West Roxbury, MA 02132",West Roxbury,42.260788399999996,-71.1496873,K-8,3-8,111592.0,14.00640496,1972,1972.0,Naomi Krakow,8:30:00 AM,2:30:00 PM,0.0,0.0,181.0,621552.0,131102.0,75513.0,85184.0,14672.0,230958.0,Good,Replace,Adequate,Fair,No,Yes,Yes,Fair,Good,Good,Good,Yes,Yes
105,Orchard Gardens K-8,"906 Albany St Roxbury, MA 02119",Roxbury,42.3305706,-71.0772767,K-8,K1-8,141872.0,3.505280073,2002,2002.0,"Megan Webb, Interim Principal",7:25:00 AM,2:30:00 PM,55.0,82.0,172.0,1253910.0,229694.0,61989.0,68979.0,28956.0,327629.0,Excellent,Not Present,Adequate,Good,Yes,Yes,Yes,Good,Good,Excellent,Good,Yes,No
106,"Otis, James Elementary","218 Marion St East Boston, MA 02128",East Boston,42.375254,-71.03387099999999,Elementary School,K1-5,35000.0,0.59687787,1905,1905.0,Paula Cerqueira-Goncalve,8:30:00 AM,2:30:00 PM,50.0,61.0,168.0,105468.0,16080.0,11584.0,13644.0,19688.0,49412.0,Fair,Not Present,Minor,Fair,Yes,Yes,Yes,Fair,Poor,Poor,Poor,Yes,No
107,"Perkins, Michael J. Elementary","50 Rev Burke St Boston, MA 02127",Roxbury,42.331194200000006,-71.0531452,Elementary School,K2-5,28407.0,0.813705234,1926,1926.0,Craig Martin,8:30:00 AM,2:30:00 PM,0.0,34.0,180.0,92496.0,11989.0,12818.0,14975.0,3312.0,30276.0,Fair,Moderate,Adequate,Fair,Yes,Yes,Yes,Fair,Poor,Fair,Poor,Yes,No
108,"Perry, Oliver Hazard K-8","745 E Seventh St South Boston, MA 02127",South Boston,42.3323674,-71.0302256,K-8,K1-8,38744.0,1.033034894,1905,1904.0,"Geoffrey Rose, Interim Principal",9:30:00 AM,3:30:00 PM,22.0,23.0,309.0,95648.0,12903.0,16230.0,24982.0,3311.0,41196.0,Fair,Replace,Minor,Fair,No,Yes,Yes,Fair,Poor,Fair,Poor,Yes,No
109,"Philbrick, John D. Elementary","40 Philbrick St Roslindale, MA 02131",Roslindale,42.285385,-71.117692,Elementary School,K1-5,19480.0,0.758539945,1913,1913.0,Amy Sprott,9:30:00 AM,3:30:00 PM,12.0,20.0,180.0,73316.0,11259.0,6756.0,8346.0,3482.0,23087.0,Fair,Moderate,Moderate,Fair,No,Yes,Yes,Fair,Deficient,Good,Deficient,Yes,No
110,"Quincy, Josiah Elementary","885 Washington St Boston, MA 02111",Chinatown,42.34799,-71.064984,Elementary School,K0-5,183541.0,1.937786961,1976,1976.0,Simon Ho,9:30:00 AM,3:30:00 PM,41.0,117.0,145.0,1830840.0,249768.0,75299.0,83904.0,66578.0,400250.0,Fair,Not Present,Minor,Good,Yes,Yes,Yes,Good,Fair,Good,Fair,Yes,No
115,"Roosevelt, Franklin D. K-8 (Upper School)","95 Needham Rd Hyde Park, MA 02136",Hyde Park,42.2430099,-71.1240825,K-8,2-8,31370.0,1.212121212,1956,1967.0,Lynda-Lee Sheridan,8:30:00 AM,2:30:00 PM,0.0,0.0,190.0,141520.0,24051.0,22924.0,17192.0,3244.0,44487.0,Excellent,Moderate,Minor,Fair,No,Yes,Yes,Fair,Poor,Good,Poor,Yes,No
116,"Russell, William E. Elementary","750 Columbia Rd Dorchester, MA 02125",Dorchester,42.3203612,-71.0594969,Elementary School,K0-5,53585.0,1.2873966940000001,1903,1903.0,Tamara Blake,8:30:00 AM,2:30:00 PM,66.0,60.0,168.0,147240.0,25240.0,31324.0,42637.0,6357.0,74234.0,Fair,Replace,Adequate,Fair,Yes,Yes,Yes,Fair,Poor,Good,Poor,Yes,No
122,"Sumner, Charles Elementary","15 Basile St Roslindale, MA 02131",Roslindale,42.286408,-71.12688,Elementary School,K1-5,49105.0,1.090932048,1931,1931.0,Catherine MacCuish,9:30:00 AM,3:30:00 PM,37.0,79.0,152.0,130896.0,19329.0,18158.0,27697.0,8425.0,55451.0,Fair,Adequate,Moderate,Good,Yes,Yes,Yes,Good,Poor,Good,Poor,Yes,No
123,"Taylor, Charles H. Elementary","1060 Morton St Mattapan, MA 02126",Mattapan,42.277404,-71.0776112,Elementary School,K0-5,49702.0,1.46932966,1931,1931.0,Jennifer Marks,9:30:00 AM,3:30:00 PM,16.0,63.0,157.0,132046.0,21044.0,16125.0,18973.0,10194.0,50211.0,Fair,Moderate,Adequate,Fair,Yes,No,No,Fair,Poor,Good,Poor,Yes,No
124,TechBoston Academy,"9 Peacevale Rd Dorchester, MA 02124",Dorchester,42.2852738,-71.07585949999999,High School,6-12,183534.0,6.922704316,2002,1925.0,Nora E. Vernazza,7:30:00 AM,2:30:00 PM,0.0,0.0,201.0,262942.0,40373.0,34283.0,46670.0,18619.0,105662.0,Fair,Moderate,Minor,Fair,No,Yes,Yes,Fair,Poor,Fair,Poor,No,No
125,"Timilty, James P. Middle","205 Roxbury St Roxbury, MA 02119",Roxbury,42.3305905,-71.09120759999999,Middle School,6-8,83120.0,1.536225895,1937,1937.0,Renee K McCall,7:30:00 AM,3:10:00 PM,0.0,0.0,187.0,241040.0,38010.0,30316.0,40017.0,10188.0,88215.0,Fair,Moderate,Adequate,Fair,Yes,No,Yes,Fair,Poor,Fair,Poor,No,No
126,"Tobin, Maurice J. K-8","40 Smith St Roxbury, MA 02120",Mission Hill,42.333023,-71.098334,K-8,K0-8,64091.0,0.9959136820000001,1959,1959.0,Efrain Toledano,9:30:00 AM,3:30:00 PM,10.0,58.0,203.0,212880.0,35357.0,29183.0,39072.0,9384.0,83813.0,Fair,Moderate,Minor,Fair,Yes,Yes,Yes,Fair,Poor,Good,Poor,No,No
127,"Trotter, William Monroe K-8","135 Humboldt Ave Dorchester, MA 02121",Roxbury,42.3157564,-71.0879868,K-8,K1-7,79600.0,3.25094123,1968,1969.0,Mairead Nolan,7:30:00 AM,2:00:00 PM,51.0,62.0,212.0,427248.0,64986.0,47375.0,59535.0,12968.0,137489.0,Good,Replace,Minor,Fair,No,Yes,Yes,Fair,Poor,Good,Poor,Yes,No
128,"Tynan, Joseph P. Elementary","650 E Fourth St South Boston, MA02127",South Boston,42.3345263,-71.0390073,Elementary School,K0-5,120000.0,2.327525253,1972,1972.0,Leslie Gant,8:30:00 AM,2:30:00 PM,44.0,34.0,175.0,509040.0,85301.0,58847.0,66127.0,26583.0,178011.0,Good,Replace,Minor,Fair,Yes,No,Yes,Fair,Good,Good,Fair,Yes,No
129,"Umana Academy, Mario K-8","312 Border St East Boston, MA 02128",East Boston,42.3783625,-71.0407417,K-8,K2-8,162479.0,9.261822772999999,1975,1975.0,Alexandra Montes McNeil,7:20:00 AM,4:15:00 PM,0.0,69.0,161.0,213504.0,146751.0,181734.0,188508.0,21583.0,356842.0,Good,Replace,Minor,Fair,Yes,Yes,Yes,Fair,Poor,Fair,Fair,Yes,Yes
133,Urban Science Academy*,"1205 VFW Pkwy West Roxbury, MA 02132",West Roxbury,42.282206,-71.1745491,High School,9-12,108220.0,44.49949495,2011,1976.0,"Jeff Cook, Interim Headmaster",7:20:00 AM,1:40:00 PM,0.0,0.0,225.0,1097520.0,294332.0,257019.0,258704.0,36183.0,589219.0,Good,Adequate,Minor,Good,No,No,No,Good,Fair,Good,Fair,No,Yes
134,Warren/Prescott K-8 Lower,"50 School St Charlestown, MA 02129",Charlestown,42.3778928,-71.0646338,K-8,K0-6,46884.0,1.811616162,2006,1963.0,Michele Davis,8:30:00 AM,2:30:00 PM,31.0,63.0,159.0,129600.0,23348.0,17623.0,20697.0,16324.0,60369.0,Good,Moderate,Minor,Fair,Yes,No,Yes,Fair,Poor,Good,Poor,Yes,No
137,West Zone Early Learning Center*,"200 Heath St Jamaica Plain, MA 02130",Jamaica Plain,42.326026,-71.106821,Early Learning,K0-1,27000.0,5.672222222,1997,1972.0,Jean Larrabee,7:30:00 AM,4:35:00 PM,24.0,34.0,200.0,120384.0,74435.0,267450.0,276004.0,37653.0,388092.0,Good,Minor,Moderate,Good,Yes,Yes,Yes,Good,Fair,Fair,Fair,Yes,No
138,"Winship, F. Lyman Elementary","54 Dighton St Brighton, MA 02135",Brighton,42.3477234,-71.15496479999999,Elementary School,K0-5,41016.0,0.788246097,1899,1901.0,Nadine Marcellus,9:30:00 AM,3:30:00 PM,23.0,33.0,180.0,128480.0,20522.0,15656.0,18100.0,5394.0,44016.0,Fair,Replace,Adequate,Fair,Yes,Yes,Yes,Fair,Poor,Poor,Poor,Yes,No
139,"Winthrop, John Elementary","35 Brookford St Dorchester, MA 02125",Roxbury,42.3183868,-71.07534059999999,Elementary School,K1-5,40530.0,0.846166208,1911,1911.0,Leah Blake,8:30:00 AM,3:00:00 PM,28.0,60.0,175.0,138240.0,20594.0,16897.0,19484.0,7457.0,47535.0,Fair,Not Present,Adequate,Fair,No,Yes,Yes,Fair,Poor,Fair,Poor,Yes,No
140,Young Achievers Science & Math K-8,"20 Outlook Rd Mattapan, MA02126",Mattapan,42.2819763,-71.0939094,K-8,K1-8,120944.0,4.017378329,1995,1930.0,Virginia Chalmers,8:30:00 AM,4:00:00 PM,34.0,48.0,195.0,385248.0,53897.0,36421.0,56973.0,11457.0,122327.0,Good,Moderate,Minor,Fair,Yes,Yes,Yes,Fair,Poor,Good,Poor,Yes,Yes
